Strain,sgRNA Sequence,sgRNA Name,Target BSU#,Target Name,Target Strand,Target Other Names,Target Product,Target Operon,SubtiWiki Annotation 1,SubtiWiki Annotation 2,SubtiWiki Annotation 3,SubtiWiki Annotation 4,BMK Essential,Xylose Fitness,Retest Fitness
CAG74399,NA,control,none,control,none,control,none,NA,NA,NA,NA,NA,NA,1,1
CAG74542,ttcatgaattcccattgcgc,scr,BSU_MISC_RNA_2,scr,+,scr,"small cytoplasmic RNA scRNA, 4.5S RNA, signal recognition particle-like SRP component",scr,Information processing,"protein synthesis, modification and degradation",protein secretion,NA,yes,0.1136,NA
CAG74543,atctcagcaccgtgcgagca,rnpB,BSU_MISC_RNA_35,rnpB,-,rnpB,"RNA component of ribonuclease P RNase P catalytic subunit, ribozyme",rnpB,Information processing,RNA synthesis and degradation,RNases,NA,yes,0.1051,NA
CAG74544,gctctaccactgagctactg,trnH,BSU_TRNA_23,trnH,+,"trnI-Asn, trnH",tRNA-Asn,trnH,Information processing,"protein synthesis, modification and degradation",translation,tRNA,no,ND,NA
CAG74545,gagcaagggcttggttccac,dnaA,BSU00010,dnaA,+,"dnaA, dnaH, dnaJ, dnaK",chromosomal replication initiator protein DnaA,dnaA/dnaN,Information processing,DNA synthesis and modification,DNA replication,NA,yes,0.3038,NA
CAG74546,cagaatgggaatcgtggttc,dnaN,BSU00020,dnaN,+,"dnaN, dnaG, dnaK",DNA polymerase III beta subunit,dnaA/dnaN,Information processing,DNA synthesis and modification,DNA replication,NA,yes,0.2941,NA
CAG74547,cgacaatttcccataccaag,gyrB,BSU00060,gyrB,+,"gyrB, novA",DNA gyrase subunit B,yaaB/gyrB/gyrA,Information processing,DNA synthesis and modification,DNA condensation/ segregation,NA,yes,0.2046,NA
CAG74548,acgaacatccggaagagcac,gyrA,BSU00070,gyrA,+,"gyrA, nalA",DNA gyrase subunit A,yaaB/gyrB/gyrA,Information processing,DNA synthesis and modification,DNA condensation/ segregation,NA,yes,0,NA
CAG74549,ggaagtacctcagactttgc,guaB,BSU00090,guaB,+,"guaB, guaA",inosine-monophosphate dehydrogenase,guaB,Metabolism,nucleotide metabolism,biosynthesis/ acquisition of nucleotides,biosynthesis/ acquisition of purine nucleotides,no,0.2667,NA
CAG74550,gaatattcgggattgagagc,serS,BSU00130,serS,+,serS,seryl-tRNA synthetase,serS,Information processing,"protein synthesis, modification and degradation",translation,aminoacyl-tRNA synthetases,yes,0.0838,NA
CAG74551,accacatcttcaaagcgctg,dnaX,BSU00190,dnaX,+,"dnaX, dnaH, dna-8132",DNA polymerase III gamma and tau subunits,dnaX,Information processing,DNA synthesis and modification,DNA replication,NA,yes,0,NA
CAG74552,tataaaagcttcatcactct,holB,BSU00310,holB,+,"holB, yaaS",DNA polymerase III delta' subunit,yaaQ/yaaR/holB/yaaT/yabA,Information processing,DNA synthesis and modification,DNA replication,NA,yes,0.5933,NA
CAG74553,caactgggtgaccgctgtca,metS,BSU00380,metS,+,metS,methionyl-tRNA synthetase,metS,Information processing,"protein synthesis, modification and degradation",translation,aminoacyl-tRNA synthetases,yes,0.1444,NA
CAG74554,agtgacagattgatcttagc,ipk,BSU00460,ispE,+,"ispE, yabH",4-cytidine 5'-diphospho-2-C-methyl-D-erythritol kinase,ispE/purR/yabJ,Metabolism,lipid metabolism,biosynthesis of lipids,biosynthesis of isoprenoids,yes,0.0933,NA
CAG74555,accataggcttaccgcaaac,glmU,BSU00500,gcaD,+,"gcaD, tms, tms26",UDP-N-acetylglucosamine pyrophosphorylase,gcaD/prs/ctc,Cellular processes,cell envelope and cell division,cell wall synthesis,biosynthesis of peptidoglycan,yes,0.1297,NA
CAG74556,atctccgtattgattagaca,prs,BSU00510,prs,+,prs,phosphoribosylpyrophosphate synthetase,gcaD/prs/ctc,Metabolism,amino acid/ nitrogen metabolism,biosynthesis/ acquisition of amino acids,biosynthesis/ acquisition of histidine,yes,0.0928,NA
CAG74557,cttccccgggtttccgagac,pth,BSU00530,pth,+,"pth, spoVC",peptidyl-tRNA hydrolase,pth/yabK/mfd,Information processing,"protein synthesis, modification and degradation",translation,translation/ other,yes,0.311,NA
CAG74558,ttcagttatcgttcgttccc,divIC,BSU00620,divIC,+,divIC,cell-division initiation protein,divIC/yabR,Cellular processes,cell envelope and cell division,cell division,NA,yes,0.179,NA
CAG74559,agccattgagtccggaccgc,tilS,BSU00670,tilS,+,"tilS, yacA, mesJ",tRNAile lysidine synthetase,tilS/hprT/ftsH,Information processing,"protein synthesis, modification and degradation",translation,tRNA modification and maturation,yes,0.4349,NA
CAG74560,ttgataagatccgccataaa,hprT,BSU00680,hprT,+,hprT,hypoxanthine-guanine phosphoribosyltransferase,tilS/hprT/ftsH,Metabolism,nucleotide metabolism,biosynthesis/ acquisition of nucleotides,purine salvage and interconversion,no,0.3146,NA
CAG74561,ccgccgtccgagaaagagtc,sul,BSU00770,sul,+,sul,dihydropteroate synthase,pabB/pabA/pabC/sul/folB/folK/yazB/dusB/lysS,Metabolism,additional metabolic pathways,biosynthesis of cofactors,biosynthesis of folate,yes,0.1169,NA
CAG74562,ttaaatcgactttaaaccgc,folB,BSU00780,folB,+,"folB, folA, yacE",dihydroneopterin aldolase,pabB/pabA/pabC/sul/folB/folK/yazB/dusB/lysS,Metabolism,additional metabolic pathways,biosynthesis of cofactors,biosynthesis of folate,yes,0.2159,NA
CAG74563,cttgatcttcgtatccgacc,folK,BSU00790,folK,+,folK,"7,8-dihydro-6-hydroxymethylpterin pyrophosphokinase",pabB/pabA/pabC/sul/folB/folK/yazB/dusB/lysS,Metabolism,additional metabolic pathways,biosynthesis of cofactors,biosynthesis of folate,yes,0.2613,NA
CAG74564,ctttcaaaacgtgcgccgaa,lysS,BSU00820,lysS,+,lysS,lysyl-tRNA synthetase,pabB/pabA/pabC/sul/folB/folK/yazB/dusB/lysS,Information processing,"protein synthesis, modification and degradation",translation,aminoacyl-tRNA synthetases,yes,0.1392,NA
CAG74565,cttcatccgctttccctgtc,ispD,BSU00900,ispD,+,"ispD, yacM","2-C-methyl-D-erythritol 4-phosphate cytidylyltransferase, nonmevalonate isoprenoid pathway",yacL/ispD/ispF,Metabolism,lipid metabolism,biosynthesis of lipids,biosynthesis of isoprenoids,yes,0.0869,NA
CAG74566,ttccgccaataatgagagga,ispF,BSU00910,ispF,+,"ispF, yacN","2-C-methyl-D-erythritol-2,4-cyclodiphosphate synthase",yacL/ispD/ispF,Metabolism,lipid metabolism,biosynthesis of lipids,biosynthesis of isoprenoids,yes,0.0854,NA
CAG74567,cggttggactcggtgcataa,gltX,BSU00920,gltX,+,gltX,glutamyl-tRNA synthetase,gltX,Information processing,"protein synthesis, modification and degradation",translation,aminoacyl-tRNA synthetases,yes,0.5495,NA
CAG74568,tgaatgtaattgtaaaccgt,cysS,BSU00940,cysS,+,"cysS, snpA",cysteinyl-tRNA synthetase,cysE/cysS/mrnC/rlmB/yacP,Information processing,"protein synthesis, modification and degradation",translation,aminoacyl-tRNA synthetases,yes,0,NA
CAG74569,aactgttgaaattaccgtaa,secE,BSU01000,secE,+,secE,preprotein translocase subunit,rpmGB/secE,Information processing,"protein synthesis, modification and degradation",protein secretion,NA,yes,0.7446,NA
CAG74570,tgtttcaattgcgctgctca,rplJ,BSU01040,rplJ,+,rplJ,ribosomal protein L10 BL5,rplK/rplA/rplJ/rplL,Information processing,"protein synthesis, modification and degradation",translation,ribosomal proteins,yes,0.0762,NA
CAG74571,gctccgccagctacagctac,rplL,BSU01050,rplL,+,rplL,ribosomal protein L12 BL9,rplK/rplA/rplJ/rplL,Information processing,"protein synthesis, modification and degradation",translation,ribosomal proteins,yes,0.6605,NA
CAG74572,gagcatagcttctgcgctgg,rpoB,BSU01070,rpoB,+,rpoB,RNA polymerase beta subunit,rpoB/rpoC,Information processing,RNA synthesis and degradation,transcription,RNA polymerase,yes,0.1262,NA
CAG74573,aattgttcacatctagcaag,rpoC,BSU01080,rpoC,+,rpoC,RNA polymerase beta' subunit,rpoB/rpoC,Information processing,RNA synthesis and degradation,transcription,RNA polymerase,yes,0.0967,NA
CAG74574,cgaattagctgattaattgt,rpsL,BSU01100,rpsL,+,"rpsL, strA, fun",ribosomal protein S12 BS12,rplGB/rpsL/rpsG/fusA/tufA,Information processing,"protein synthesis, modification and degradation",translation,ribosomal proteins,yes,0.2054,NA
CAG74575,tttgctacaggacctttacg,rpsG,BSU01110,rpsG,+,rpsG,ribosomal protein S7 BS7,rplGB/rpsL/rpsG/fusA/tufA,Information processing,"protein synthesis, modification and degradation",translation,ribosomal proteins,yes,0.0792,NA
CAG74576,aggagaactctcttgccatt,fusA,BSU01120,fusA,+,"fusA, fus",elongation factor G,rplGB/rpsL/rpsG/fusA/tufA,Information processing,"protein synthesis, modification and degradation",translation,translation factors,yes,0.2367,NA
CAG74577,accaatattggcatgtgatt,tufA,BSU01130,tufA,+,tufA,elongation factor Tu,rplGB/rpsL/rpsG/fusA/tufA,Information processing,"protein synthesis, modification and degradation",translation,translation factors,yes,0.4113,NA
CAG74578,ttttcagttggcaacggaat,rpsJ,BSU01150,rpsJ,+,"rpsJ, tetA",ribosomal protein S10 BS13,rpsJ/rplC/rplD/rplW/rplB/rpsS/rplV/rpsC/rplP/rpmC/rpsQ/rplNA/rplX/rplE/rpsNA/rpsH/rplF/rplR/rpsE/rpmD/rplO/secY/adk/mapA/ybzG/infA/rpmJ/rpsM/rpsK/rpoA/rplQ,Information processing,"protein synthesis, modification and degradation",translation,ribosomal proteins,yes,0.1649,NA
CAG74579,ttttcttcctaagattcctt,rplC,BSU01160,rplC,+,rplC,ribosomal protein L3 BL3,rpsJ/rplC/rplD/rplW/rplB/rpsS/rplV/rpsC/rplP/rpmC/rpsQ/rplNA/rplX/rplE/rpsNA/rpsH/rplF/rplR/rpsE/rpmD/rplO/secY/adk/mapA/ybzG/infA/rpmJ/rpsM/rpsK/rpoA/rplQ,Information processing,"protein synthesis, modification and degradation",translation,ribosomal proteins,yes,0.4808,NA
CAG74580,tggttgtataatgctacttt,rplD,BSU01170,rplD,+,rplD,ribosomal protein L4,rpsJ/rplC/rplD/rplW/rplB/rpsS/rplV/rpsC/rplP/rpmC/rpsQ/rplNA/rplX/rplE/rpsNA/rpsH/rplF/rplR/rpsE/rpmD/rplO/secY/adk/mapA/ybzG/infA/rpmJ/rpsM/rpsK/rpoA/rplQ,Information processing,"protein synthesis, modification and degradation",translation,ribosomal proteins,yes,0.6982,NA
CAG74581,ccacgacgtccattagaggt,rplB,BSU01190,rplB,+,rplB,ribosomal protein L2 BL2,rpsJ/rplC/rplD/rplW/rplB/rpsS/rplV/rpsC/rplP/rpmC/rpsQ/rplNA/rplX/rplE/rpsNA/rpsH/rplF/rplR/rpsE/rpmD/rplO/secY/adk/mapA/ybzG/infA/rpmJ/rpsM/rpsK/rpoA/rplQ,Information processing,"protein synthesis, modification and degradation",translation,ribosomal proteins,yes,0.6144,NA
CAG74582,atatcttcagagatgaatac,rpsS,BSU01200,rpsS,+,rpsS,ribosomal protein S19 BS19,rpsJ/rplC/rplD/rplW/rplB/rpsS/rplV/rpsC/rplP/rpmC/rpsQ/rplNA/rplX/rplE/rpsNA/rpsH/rplF/rplR/rpsE/rpmD/rplO/secY/adk/mapA/ybzG/infA/rpmJ/rpsM/rpsK/rpoA/rplQ,Information processing,"protein synthesis, modification and degradation",translation,ribosomal proteins,yes,0.3441,NA
CAG74583,actccgatacgaagaccgac,rpsC,BSU01220,rpsC,+,rpsC,ribosomal protein S3 BS3,rpsJ/rplC/rplD/rplW/rplB/rpsS/rplV/rpsC/rplP/rpmC/rpsQ/rplNA/rplX/rplE/rpsNA/rpsH/rplF/rplR/rpsE/rpmD/rplO/secY/adk/mapA/ybzG/infA/rpmJ/rpsM/rpsK/rpoA/rplQ,Information processing,"protein synthesis, modification and degradation",translation,ribosomal proteins,yes,0.1544,NA
CAG74584,cttcagtaccgcctttcgca,rplP,BSU01230,rplP,+,rplP,ribosomal protein L16,rpsJ/rplC/rplD/rplW/rplB/rpsS/rplV/rpsC/rplP/rpmC/rpsQ/rplNA/rplX/rplE/rpsNA/rpsH/rplF/rplR/rpsE/rpmD/rplO/secY/adk/mapA/ybzG/infA/rpmJ/rpsM/rpsK/rpoA/rplQ,Information processing,"protein synthesis, modification and degradation",translation,ribosomal proteins,yes,0.0656,NA
CAG74585,tgtcagaaacaacacggcct,rpsQ,BSU01250,rpsQ,+,rpsQ,ribosomal protein S17 BS16,rpsJ/rplC/rplD/rplW/rplB/rpsS/rplV/rpsC/rplP/rpmC/rpsQ/rplNA/rplX/rplE/rpsNA/rpsH/rplF/rplR/rpsE/rpmD/rplO/secY/adk/mapA/ybzG/infA/rpmJ/rpsM/rpsK/rpoA/rplQ,Information processing,"protein synthesis, modification and degradation",translation,ribosomal proteins,yes,0.0856,NA
CAG74586,cgcgtgggctcttgtcgtca,rplN,BSU01260,rplNA,+,rplNA,ribosomal protein L14,rpsJ/rplC/rplD/rplW/rplB/rpsS/rplV/rpsC/rplP/rpmC/rpsQ/rplNA/rplX/rplE/rpsNA/rpsH/rplF/rplR/rpsE/rpmD/rplO/secY/adk/mapA/ybzG/infA/rpmJ/rpsM/rpsK/rpoA/rplQ,Information processing,"protein synthesis, modification and degradation",translation,ribosomal proteins,yes,0.1403,NA
CAG74587,cctttttagggaaagcagca,rplX,BSU01270,rplX,+,rplX,ribosomal protein L24 BL23,rpsJ/rplC/rplD/rplW/rplB/rpsS/rplV/rpsC/rplP/rpmC/rpsQ/rplNA/rplX/rplE/rpsNA/rpsH/rplF/rplR/rpsE/rpmD/rplO/secY/adk/mapA/ybzG/infA/rpmJ/rpsM/rpsK/rpoA/rplQ,Information processing,"protein synthesis, modification and degradation",translation,ribosomal proteins,yes,0.0918,NA
CAG74588,ttcttcgcacgagtaacgac,rplE,BSU01280,rplE,+,rplE,ribosomal protein L5 BL6,rpsJ/rplC/rplD/rplW/rplB/rpsS/rplV/rpsC/rplP/rpmC/rpsQ/rplNA/rplX/rplE/rpsNA/rpsH/rplF/rplR/rpsE/rpmD/rplO/secY/adk/mapA/ybzG/infA/rpmJ/rpsM/rpsK/rpoA/rplQ,Information processing,"protein synthesis, modification and degradation",translation,ribosomal proteins,yes,0.5051,NA
CAG74589,cgtattgctcaacaagctgt,rpsNB,BSU01290,rpsNA,+,rpsNA,ribosomal protein S14,rpsJ/rplC/rplD/rplW/rplB/rpsS/rplV/rpsC/rplP/rpmC/rpsQ/rplNA/rplX/rplE/rpsNA/rpsH/rplF/rplR/rpsE/rpmD/rplO/secY/adk/mapA/ybzG/infA/rpmJ/rpsM/rpsK/rpoA/rplQ,Information processing,"protein synthesis, modification and degradation",translation,ribosomal proteins,yes,0.8431,NA
CAG74590,aatttacgaatgactgaatg,rpsNA,BSU01290,rpsNA,+,rpsNA,ribosomal protein S14,rpsJ/rplC/rplD/rplW/rplB/rpsS/rplV/rpsC/rplP/rpmC/rpsQ/rplNA/rplX/rplE/rpsNA/rpsH/rplF/rplR/rpsE/rpmD/rplO/secY/adk/mapA/ybzG/infA/rpmJ/rpsM/rpsK/rpoA/rplQ,Information processing,"protein synthesis, modification and degradation",translation,ribosomal proteins,yes,0.1051,NA
CAG74591,cgagttagcatatctgcaat,rpsH,BSU01300,rpsH,+,rpsH,ribosomal protein S8 BS8,rpsJ/rplC/rplD/rplW/rplB/rpsS/rplV/rpsC/rplP/rpmC/rpsQ/rplNA/rplX/rplE/rpsNA/rpsH/rplF/rplR/rpsE/rpmD/rplO/secY/adk/mapA/ybzG/infA/rpmJ/rpsM/rpsK/rpoA/rplQ,Information processing,"protein synthesis, modification and degradation",translation,ribosomal proteins,yes,0.079,NA
CAG74592,tatttccggatttagaagca,rplF,BSU01310,rplF,+,rplF,ribosomal protein L6 BL8,rpsJ/rplC/rplD/rplW/rplB/rpsS/rplV/rpsC/rplP/rpmC/rpsQ/rplNA/rplX/rplE/rpsNA/rpsH/rplF/rplR/rpsE/rpmD/rplO/secY/adk/mapA/ybzG/infA/rpmJ/rpsM/rpsK/rpoA/rplQ,Information processing,"protein synthesis, modification and degradation",translation,ribosomal proteins,yes,0.0772,NA
CAG74593,gctagttttcgtaatcatct,rplR-2,BSU01320,rplR,+,rplR,ribosomal protein L18,rpsJ/rplC/rplD/rplW/rplB/rpsS/rplV/rpsC/rplP/rpmC/rpsQ/rplNA/rplX/rplE/rpsNA/rpsH/rplF/rplR/rpsE/rpmD/rplO/secY/adk/mapA/ybzG/infA/rpmJ/rpsM/rpsK/rpoA/rplQ,Information processing,"protein synthesis, modification and degradation",translation,ribosomal proteins,yes,0.3551,NA
CAG74594,cgtaaatgtgcttgttagaa,rplR105,BSU01320,rplR,+,rplR,ribosomal protein L18,rpsJ/rplC/rplD/rplW/rplB/rpsS/rplV/rpsC/rplP/rpmC/rpsQ/rplNA/rplX/rplE/rpsNA/rpsH/rplF/rplR/rpsE/rpmD/rplO/secY/adk/mapA/ybzG/infA/rpmJ/rpsM/rpsK/rpoA/rplQ,Information processing,"protein synthesis, modification and degradation",translation,ribosomal proteins,yes,0.5428,NA
CAG74595,ctttaacaactttcgctacg,rpsE,BSU01330,rpsE,+,rpsE,ribosomal protein S5,rpsJ/rplC/rplD/rplW/rplB/rpsS/rplV/rpsC/rplP/rpmC/rpsQ/rplNA/rplX/rplE/rpsNA/rpsH/rplF/rplR/rpsE/rpmD/rplO/secY/adk/mapA/ybzG/infA/rpmJ/rpsM/rpsK/rpoA/rplQ,Information processing,"protein synthesis, modification and degradation",translation,ribosomal proteins,yes,0.4431,NA
CAG74596,cagtaacgcgttggtcttcc,rpmD,BSU01340,rpmD,+,rpmD,ribosomal protein L30 BL27,rpsJ/rplC/rplD/rplW/rplB/rpsS/rplV/rpsC/rplP/rpmC/rpsQ/rplNA/rplX/rplE/rpsNA/rpsH/rplF/rplR/rpsE/rpmD/rplO/secY/adk/mapA/ybzG/infA/rpmJ/rpsM/rpsK/rpoA/rplQ,Information processing,"protein synthesis, modification and degradation",translation,ribosomal proteins,yes,0.6931,NA
CAG74597,atgatcgaagccgtgatata,secY,BSU01360,secY,+,secY,preprotein translocase subunit,rpsJ/rplC/rplD/rplW/rplB/rpsS/rplV/rpsC/rplP/rpmC/rpsQ/rplNA/rplX/rplE/rpsNA/rpsH/rplF/rplR/rpsE/rpmD/rplO/secY/adk/mapA/ybzG/infA/rpmJ/rpsM/rpsK/rpoA/rplQ,Information processing,"protein synthesis, modification and degradation",protein secretion,NA,yes,0.1074,NA
CAG74598,ccattaagactaagttcatt,adk,BSU01370,adk,+,adk,adenylate kinase,rpsJ/rplC/rplD/rplW/rplB/rpsS/rplV/rpsC/rplP/rpmC/rpsQ/rplNA/rplX/rplE/rpsNA/rpsH/rplF/rplR/rpsE/rpmD/rplO/secY/adk/mapA/ybzG/infA/rpmJ/rpsM/rpsK/rpoA/rplQ,Metabolism,nucleotide metabolism,biosynthesis/ acquisition of nucleotides,biosynthesis/ acquisition of purine nucleotides,yes,0.6346,NA
CAG74599,gcatgataccaagttcacgt,mapA,BSU01380,mapA,+,"mapA, map",methionine aminopeptidase,rpsJ/rplC/rplD/rplW/rplB/rpsS/rplV/rpsC/rplP/rpmC/rpsQ/rplNA/rplX/rplE/rpsNA/rpsH/rplF/rplR/rpsE/rpmD/rplO/secY/adk/mapA/ybzG/infA/rpmJ/rpsM/rpsK/rpoA/rplQ,Information processing,"protein synthesis, modification and degradation",translation,translation/ other,no,0.0887,NA
CAG74600,tcaactttgaacatcgcgtt,infA,BSU01390,infA,+,infA,initiation factor IF-I,rpsJ/rplC/rplD/rplW/rplB/rpsS/rplV/rpsC/rplP/rpmC/rpsQ/rplNA/rplX/rplE/rpsNA/rpsH/rplF/rplR/rpsE/rpmD/rplO/secY/adk/mapA/ybzG/infA/rpmJ/rpsM/rpsK/rpoA/rplQ,Information processing,"protein synthesis, modification and degradation",translation,translation factors,yes,0.3867,NA
CAG74601,cagcaatacgagccattctc,rpsM,BSU01410,rpsM,+,rpsM,ribosomal protein S13,rpsJ/rplC/rplD/rplW/rplB/rpsS/rplV/rpsC/rplP/rpmC/rpsQ/rplNA/rplX/rplE/rpsNA/rpsH/rplF/rplR/rpsE/rpmD/rplO/secY/adk/mapA/ybzG/infA/rpmJ/rpsM/rpsK/rpoA/rplQ,Information processing,"protein synthesis, modification and degradation",translation,ribosomal proteins,yes,0.709,NA
CAG74602,gtccagcagcttgaagtgca,rpsK,BSU01420,rpsK,+,rpsK,ribosomal protein S11 BS11,rpsJ/rplC/rplD/rplW/rplB/rpsS/rplV/rpsC/rplP/rpmC/rpsQ/rplNA/rplX/rplE/rpsNA/rpsH/rplF/rplR/rpsE/rpmD/rplO/secY/adk/mapA/ybzG/infA/rpmJ/rpsM/rpsK/rpoA/rplQ,Information processing,"protein synthesis, modification and degradation",translation,ribosomal proteins,yes,0.2441,NA
CAG74603,tacgacaaacttaccaaatt,rpoA,BSU01430,rpoA,+,rpoA,RNA polymerase alpha subunit,rpsJ/rplC/rplD/rplW/rplB/rpsS/rplV/rpsC/rplP/rpmC/rpsQ/rplNA/rplX/rplE/rpsNA/rpsH/rplF/rplR/rpsE/rpmD/rplO/secY/adk/mapA/ybzG/infA/rpmJ/rpsM/rpsK/rpoA/rplQ,Information processing,RNA synthesis and degradation,transcription,RNA polymerase,yes,0.0785,NA
CAG74604,ggatgtatgcagcagcttga,rplQ,BSU01440,rplQ,+,rplQ,ribosomal protein L17 BL15,rpsJ/rplC/rplD/rplW/rplB/rpsS/rplV/rpsC/rplP/rpmC/rpsQ/rplNA/rplX/rplE/rpsNA/rpsH/rplF/rplR/rpsE/rpmD/rplO/secY/adk/mapA/ybzG/infA/rpmJ/rpsM/rpsK/rpoA/rplQ,Information processing,"protein synthesis, modification and degradation",translation,ribosomal proteins,yes,0.5397,NA
CAG74605,atagtacttgcgttagccat,rplM,BSU01490,rplM,+,rplM,ribosomal protein L13,rplM/rpsI,Information processing,"protein synthesis, modification and degradation",translation,ribosomal proteins,yes,0.0721,NA
CAG74606,atattgaacctgtgccaaat,rpsI,BSU01500,rpsI,+,rpsI,ribosomal protein S9,rplM/rpsI,Information processing,"protein synthesis, modification and degradation",translation,ribosomal proteins,yes,0.0813,NA
CAG74607,ctcaggtgtaagctcactat,glmM,BSU01770,glmM,+,"glmM, ybbT",phosphoglucosamine mutase,ybbP/ybbR/glmM,Cellular processes,cell envelope and cell division,cell wall synthesis,biosynthesis of peptidoglycan,yes,0,NA
CAG74608,tccggctttcgcttctacat,glmS,BSU01780,glmS,+,"glmS, gcaA, ybxD",L-glutamine-D-fructose-6-phosphate amidotransferase,glmS,Cellular processes,cell envelope and cell division,cell wall synthesis,biosynthesis of peptidoglycan,yes,0.5136,NA
CAG74609,gcctggcgtccgggaatgca,ycgG,BSU03100,ycgG,+,ycgG,conserved hypothetical protein,ycgG,Unknown function,unknown function,unknown function,unknown function,no,0.8577,NA
CAG74610,caatacaaagcctttagcac,nadE,BSU03130,nadE,+,"nadE, outB, tscBGH, gsp-81",ammonium-dependent NAD+ synthetase,nadE,Metabolism,additional metabolic pathways,biosynthesis of cofactors,biosynthesis of NAD(P),yes,0.3977,NA
CAG74611,gctcgtttagcgttcatctt,aroK,BSU03150,aroK,+,"aroK, aroI",shikimate kinase,aroK,Metabolism,amino acid/ nitrogen metabolism,biosynthesis/ acquisition of amino acids,biosynthesis/ acquisition of aromatic amino acids,yes,0.4305,NA
CAG74612,tacagccagagctgtctgca,ddl,BSU04560,ddl,+,"ddl, ddlA",D-alanyl-D-alanine ligase A,ddl/murF,Cellular processes,cell envelope and cell division,cell wall synthesis,biosynthesis of peptidoglycan,yes,0,NA
CAG74613,agccgctacaccagcttcaa,murF,BSU04570,murF,+,"murF, ydbQ","UDP-N-acetylmuramoylalanyl-D-glutamyl-2, 6-diaminopimelate-D-alanyl-D-alanine ligase",ddl/murF,Cellular processes,cell envelope and cell division,cell wall synthesis,biosynthesis of peptidoglycan,yes,0.0382,NA
CAG74614,tttctggcgcccagccatag,acpS50_1,BSU04620,acpS,+,"acpS, ydcB",holo-acyl carrier protein synthase,acpS,Metabolism,lipid metabolism,biosynthesis of lipids,biosynthesis of fatty acids,no,0.071,NA
CAG74615,tttctggcgcccagccatag,acpS50_2,BSU04620,acpS,+,"acpS, ydcB",holo-acyl carrier protein synthase,acpS,Metabolism,lipid metabolism,biosynthesis of lipids,biosynthesis of fatty acids,no,0.7559,NA
CAG74616,ctttcacaactgccatcaag,alrA,BSU04640,alrA,+,"alrA, dal, alr",D-alanine racemase,alrA,Cellular processes,cell envelope and cell division,cell wall synthesis,biosynthesis of peptidoglycan,yes,0.1644,NA
CAG74617,tttgcaggagtacttgtcca,yddT,BSU05100,yddT,+,yddT,putative phage protein,yddT,Unknown function,unknown function,unknown function,unknown function,no,0.9195,NA
CAG74618,caggcatcgctcttacagag,ydiC,BSU05920,tsaB,+,"tsaB, ydiC",biosynthesis of t<sup>6</sup>A modification,thiL/ydiB/ydiC/rimI/gcp,Information processing,"protein synthesis, modification and degradation",translation,tRNA modification and maturation,yes,0.2708,NA
CAG74619,tgatgtcttgaagcaatttc,gcp,BSU05940,tsaD,+,"tsaD, ydiE, gcp",biosynthesis of t<sup>6</sup>A modification,thiL/ydiB/ydiC/rimI/gcp,Information processing,"protein synthesis, modification and degradation",translation,tRNA modification and maturation,yes,0.2708,NA
CAG74620,atgacaacgcgatcacctaa,groES,BSU06020,groES,+,groES,chaperonin small subunit,groES/groEL,Information processing,"protein synthesis, modification and degradation",chaperones/ protein folding,NA,yes,0.2556,NA
CAG74621,agaaccacgttgcgtccttt,groEL,BSU06030,groEL,+,groEL,chaperonin large subunit,groES/groEL,Information processing,"protein synthesis, modification and degradation",chaperones/ protein folding,NA,yes,0.3969,NA
CAG74622,ctgatctacggattatcttt,ydiO,BSU06060,ydiO,+,ydiO,DNA-methyltransferase cytosine-specific,ydiO/ydiP,Information processing,DNA synthesis and modification,DNA restriction/ modification,NA,yes,0.499,NA
CAG74623,ttgtatgtcctgactgatga,ydiP,BSU06070,ydiP,+,ydiP,DNA-methyltransferase cytosine-specific,ydiO/ydiP,Information processing,DNA synthesis and modification,DNA restriction/ modification,NA,yes,0.3059,NA
CAG74624,aataagcaattctatgggtc,pcrA,BSU06610,pcrA,+,"pcrA, yerF",ATP-dependent DNA helicase,pcrB/pcrA/ligA/yerH,Information processing,DNA synthesis and modification,DNA repair/ recombination,NA,yes,0,NA
CAG74625,tattcggcatctgggacgct,ligA,BSU06620,ligA,+,"ligA, lig, yerG",DNA ligase,pcrB/pcrA/ligA/yerH,Information processing,DNA synthesis and modification,DNA replication,NA,yes,0,NA
CAG74626,cagtaatcgcaagtcttgca,gatC,BSU06670,gatC,+,"gatC, yerL, yedA",glutamyl-tRNAGln amidotransferase subunit C,gatC/gatA/gatB,Information processing,"protein synthesis, modification and degradation",translation,aminoacyl-tRNA synthetases,yes,0.1179,NA
CAG74627,ttcttcatctaatgccaaaa,gatA,BSU06680,gatA,+,"gatA, yerM, yedB",glutamyl-tRNAGln amidotransferase subunit A,gatC/gatA/gatB,Information processing,"protein synthesis, modification and degradation",translation,aminoacyl-tRNA synthetases,yes,0.3397,NA
CAG74628,gtattcgcctccgcgccgaa,gatB,BSU06690,gatB,+,"gatB, yerN",glutamyl-tRNAGln amidotransferase subunit B,gatC/gatA/gatB,Information processing,"protein synthesis, modification and degradation",translation,aminoacyl-tRNA synthetases,yes,0.0995,NA
CAG74629,aagatctcccgtcctgaagt,yerQ,BSU06720,dagK,+,"dagK, yerQ",diacylglycerol kinase,dagK/yefA,Cellular processes,cell envelope and cell division,cell wall synthesis,biosynthesis of lipoteichoic acid,yes,0.1038,NA
CAG74630,ttgcttacgttgtaatggct,yezG166,BSU06811,yezG,-,yezG,conserved hypothetical protein,yeeF/yezG,Lifestyles,coping with stress,"toxins, antitoxins and immunity against toxins/ based on similarity",NA,yes,0.8118,0.7099
CAG74631,taaataatttgattattttc,yezG130,BSU06811,yezG,-,yezG,conserved hypothetical protein,yeeF/yezG,Lifestyles,coping with stress,"toxins, antitoxins and immunity against toxins/ based on similarity",NA,yes,0.9244,0.7937
CAG74632,aggctaagtatcataattgg,yfkN,BSU07840,yfkN,-,yfkN,"exported 2',3'-cyclic-nucleotide 2'-phosphodiesterase, 2' or 3' nucleotidase and 5' nucleotidase",yfkN,Metabolism,additional metabolic pathways,phosphate metabolism,NA,no,1.1426,NA
CAG74633,gcaatattccctgtgttagc,cspR,BSU08930,cspR,+,"cspR, ygaR",putative rRNA methylase,cspR,Information processing,"protein synthesis, modification and degradation",translation,rRNA modification and maturation,no,0.8892,NA
CAG74634,ttccacccattccgtaatag,yhdL,BSU09510,yhdL,-,yhdL,negative regulator of the activity of sigma-M,sigM/yhdL/yhdK,Information processing,regulation of gene expression,sigma factors and their control,control of sigma factors,yes,0.751,0.7966
CAG74635,caaaacctgaatcggccgga,plsC,BSU09540,plsC,+,"plsC, yhdO",1-acylglycerol-phosphate 1-acyl-G3P acyltransferase,plsC,Metabolism,lipid metabolism,biosynthesis of lipids,biosynthesis of fatty acids,yes,0.0897,NA
CAG74636,tgctgcaagcactgagagcg,prsA,BSU09950,prsA,-,prsA,molecular chaperone lipoprotein,prsA,Information processing,"protein synthesis, modification and degradation",protein secretion,NA,yes,0.1364,NA
CAG74637,gcttgcctcatataccacac,hemE,BSU10120,hemE,+,hemE,uroporphyrinogen III decarboxylase,hemE/hemH/hemY,Metabolism,additional metabolic pathways,biosynthesis of cofactors,biosynthesis of heme/ siroheme,conditional,0.3177,NA
CAG74638,tcaatatcttcttccttata,hemH,BSU10130,hemH,+,"hemH, hemF",ferrochelatase,hemE/hemH/hemY,Metabolism,additional metabolic pathways,biosynthesis of cofactors,biosynthesis of heme/ siroheme,conditional,0.2213,NA
CAG74639,atagaaggcggcggctaaac,hemY,BSU10140,hemY,+,"hemY, hemG",protoporphyrinogen oxidase,hemE/hemH/hemY,Metabolism,additional metabolic pathways,biosynthesis of cofactors,biosynthesis of heme/ siroheme,conditional,0.2746,NA
CAG74640,gccgcacagctcacatattc,yisB,BSU10660,hlpB,+,"hlpB, yisB","essential DNA binding protein, putative nuclease component",addB/addA/sbcD/sbcC/hlpB,Information processing,DNA synthesis and modification,DNA repair/ recombination,NA,no,0.8985,NA
CAG74641,acgagtgatcggaccgattc,fabF,BSU11340,fabF,+,"fabF, yjaY",beta-ketoacyl-acyl carrier protein synthase II,fabHA/fabF,Metabolism,lipid metabolism,biosynthesis of lipids,biosynthesis of fatty acids,yes,0,NA
CAG74642,ccgagcgtcactgagccgct,trpS,BSU11420,trpS,-,trpS,tryptophanyl-tRNA synthetase,trpS,Information processing,"protein synthesis, modification and degradation",translation,aminoacyl-tRNA synthetases,yes,0.1095,NA
CAG74643,ataaacattacggcgttgat,ppnKB,BSU11610,ppnKB,+,ppnKB,inorganic polyphosphate/ATP-NAD kinase,ppnKB,Metabolism,additional metabolic pathways,biosynthesis of cofactors,biosynthesis of NAD(P),no,0.8546,NA
CAG74644,tcactaaaaacgatttggat,yjzJ,BSU12519,yjzJ,+,yjzJ,conserved hypothetical protein,yjzJ/xkdB/xkdC/ykzK/xkdD/xtrA,Prophages and mobile genetic elements,prophages,PBSX prophage,NA,yes,0.8341,0.6519
CAG74645,ttcaacaaccctgaatacgt,xkdB,BSU12520,xkdB,+,"xkdB, ykxB",conserved hypothetical protein,yjzJ/xkdB/xkdC/ykzK/xkdD/xtrA,Prophages and mobile genetic elements,prophages,PBSX prophage,NA,yes,0.8838,0.644
CAG74646,gccggtttgtccgccagtaa,xkdC,BSU12530,xkdC,+,"xkdC, ykxC",conserved hypothetical protein in PBSX phage element,yjzJ/xkdB/xkdC/ykzK/xkdD/xtrA,Prophages and mobile genetic elements,prophages,PBSX prophage,NA,yes,0.8669,0.6168
CAG74647,taggtcatgttttgaaccat,mgtE,BSU13300,mgtE,+,"mgtE, ykoK",magnesium transporter,mgtE,Cellular processes,transporters,transporters/ other,NA,yes,0.2369,NA
CAG74648,tgaaatgacgtcttcgtgtt,patA,BSU14000,patA,-,"patA, uat",aminotransferase,patA,Cellular processes,cell envelope and cell division,cell wall synthesis,biosynthesis of peptidoglycan,no,0.1051,NA
CAG74649,cctttcacgtaaacctttac,dapH,BSU14180,dapH,+,"dapH, ykuQ",tetrahydrodipicolinate N-acetyltransferase,dapH/dapL,Cellular processes,cell envelope and cell division,cell wall synthesis,biosynthesis of peptidoglycan,yes,0.4918,NA
CAG74650,gacatttaataaatactgct,dapL,BSU14190,dapI,+,"dapI, ykuR, dapE, dapL",N-acetyl-diaminopimelate deacetylase,dapH/dapL,Cellular processes,cell envelope and cell division,cell wall synthesis,biosynthesis of peptidoglycan,yes,0.4351,NA
CAG74651,gatttcgcccaaacctccga,rnjA,BSU14530,rnjA,-,"rnjA, ykqC",ribonuclease J1,rnjA,Information processing,RNA synthesis and degradation,RNases,NA,yes,0.3367,NA
CAG74652,aattgatcatcagttaaatc,pdhA,BSU14580,pdhA,+,"pdhA, aceA",pyruvate dehydrogenase E1 alpha subunit,pdhA/pdhB/pdhC/pdhD,Metabolism,carbon metabolism,carbon core metabolism,TCA cycle,no,0.5872,NA
CAG74653,gttcaaaagctttttgccga,ylaN27_2,BSU14840,ylaN,+,ylaN,conserved hypothetical protein,ylaN,Unknown function,unknown function,unknown function,unknown function,yes,0.3992,NA
CAG74654,ttaagttatccatttgtact,ylaN87,BSU14840,ylaN,+,ylaN,conserved hypothetical protein,ylaN,Unknown function,unknown function,unknown function,unknown function,yes,0.3233,NA
CAG74655,tttcatcaaccaatcccagg,ylaN189,BSU14840,ylaN,+,ylaN,conserved hypothetical protein,ylaN,Unknown function,unknown function,unknown function,unknown function,yes,0.4244,NA
CAG74656,ctttttcatcaaccaatccc,ylaN192,BSU14840,ylaN,+,ylaN,conserved hypothetical protein,ylaN,Unknown function,unknown function,unknown function,unknown function,yes,0.4303,NA
CAG74657,gttcaaaagctttttgccga,ylaN27_1,BSU14840,ylaN,+,ylaN,conserved hypothetical protein,ylaN,Unknown function,unknown function,unknown function,unknown function,yes,0.4341,NA
CAG74658,attactgcttactccatacc,ftsW,BSU14850,ftsW,+,"ftsW, ylaO",cell-division protein,ftsW,Cellular processes,cell envelope and cell division,cell division,NA,yes,0,NA
CAG74659,gtcacaggatcaaaactgcc,coaD,BSU15020,coaD,+,"coaD, ylbI",phosphopantetheine adenylyltransferase,ylbH/coaD,Cellular processes,cell envelope and cell division,cell wall/ other/ based on similarity,NA,yes,0.1844,NA
CAG74660,tggtaagctaaattgctcat,ftsL,BSU15150,ftsL,+,"ftsL, ylxB, yllD",cell-division protein,mraZ/mraW/ftsL/pbpB,Cellular processes,cell envelope and cell division,cell division,NA,yes,0.2251,NA
CAG74661,cacttcgccgttcgcttttc,pbpB,BSU15160,pbpB,+,pbpB,penicillin-binding protein 2B,mraZ/mraW/ftsL/pbpB,Cellular processes,cell envelope and cell division,cell wall synthesis,penicillin-binding proteins,yes,0,NA
CAG74662,ctgctttttgcgcaaaatcg,murE,BSU15180,murE,+,murE,"UDP-N-acetylmuramoylalanyl-D-glutamate-2, 6-diaminopimelate ligase",murE/mraY/murD/spoVE,Cellular processes,cell envelope and cell division,cell wall synthesis,biosynthesis of peptidoglycan,yes,0.1836,NA
CAG74663,atcatgaccccgcccattgt,mraY,BSU15190,mraY,+,mraY,phospho-N-acetylmuramoyl-pentapeptide transferase,murE/mraY/murD/spoVE,Cellular processes,cell envelope and cell division,cell wall synthesis,biosynthesis of peptidoglycan,yes,0,NA
CAG74664,gcctttttcatgaagaatgg,murD,BSU15200,murD,+,murD,UDP-N-acetylmuramoylalanyl-D-glutamate ligase,murE/mraY/murD/spoVE,Cellular processes,cell envelope and cell division,cell wall synthesis,biosynthesis of peptidoglycan,yes,0,NA
CAG74665,cccgttccaattacggcatc,murG,BSU15220,murG,+,murG,UDP-N-acetylglucosamine-N-acetylmuramyl- pentapeptidepyrophosphoryl-undecaprenol N-acetylglucosamine transferase,murG/murB,Cellular processes,cell envelope and cell division,cell wall synthesis,biosynthesis of peptidoglycan,yes,0.2659,NA
CAG74666,atcgttgtatgattcgcgag,murB,BSU15230,murB,+,"murB, ylxC",UDP-N-acetylenolpyruvoylglucosamine reductase,murG/murB,Cellular processes,cell envelope and cell division,cell wall synthesis,biosynthesis of peptidoglycan,yes,0.4377,NA
CAG74667,ttttttctcggtcttgaccc,divIB,BSU15240,divIB,+,"divIB, dds, tms-12",cell-division initiation protein,divIB/ylxW/ylxX/sbp,Cellular processes,cell envelope and cell division,cell division,NA,yes,1.19,0.2846
CAG74668,ccttttttcaacccttcaga,ftsA,BSU15280,ftsA,+,"ftsA, spoIIN",cell-division protein essential fo Z-ring assembly,ftsA/ftsZ,Cellular processes,cell envelope and cell division,cell division,NA,yes,0,NA
CAG74669,gcggcttttttcccgacttc,ftsZ226,BSU15290,ftsZ,+,"ftsZ, ts-1",cell-division initiation protein,ftsA/ftsZ,Cellular processes,cell envelope and cell division,cell division,NA,yes,0.1936,NA
CAG74670,tacattagccgcgtttatta,ftsZ1134,BSU15290,ftsZ,+,"ftsZ, ts-1",cell-division initiation protein,ftsA/ftsZ,Cellular processes,cell envelope and cell division,cell division,NA,yes,0,NA
CAG74671,ttggcaaatttccacgcatc,ileS,BSU15430,ileS,+,ileS,isoleucyl-tRNA synthetase,ileS,Information processing,"protein synthesis, modification and degradation",translation,aminoacyl-tRNA synthetases,yes,0.301,NA
CAG74672,gttcctttaccaactcctga,gmk,BSU15680,gmk,+,"gmk, yloD",guanylate kinase,yloC/ylzA/gmk/rpoZ,Metabolism,nucleotide metabolism,biosynthesis/ acquisition of nucleotides,biosynthesis/ acquisition of purine nucleotides,yes,0.4851,NA
CAG74673,cggtgaaacgaatcggcaag,coaBC,BSU15700,coaBC,+,"coaBC, yloI",Coenzyme A biosynthesis bifunctional protein CoaBC; phosphopantothenoylcysteine synthetase/decarboxylase,coaBC/priA,Metabolism,additional metabolic pathways,biosynthesis of cofactors,biosynthesis of coenzyme A,yes,0.1297,NA
CAG74674,caaaattcatgagcgctctc,priA,BSU15710,priA,+,"priA, yloJ",primosomal replication factor Y primosomal protein N',coaBC/priA,Information processing,DNA synthesis and modification,DNA replication,NA,yes,0.219,NA
CAG74675,tctatcagggttcttaaaac,fmt,BSU15730,fmt,+,"fmt, yloL",methionyl-tRNA formyltransferase,defA/fmt/rsmB/yloN,Information processing,"protein synthesis, modification and degradation",translation,tRNA modification and maturation,no,0.2959,NA
CAG74676,gtacttcgttcttaattcaa,yloU,BSU15830,yloU,+,yloU,conserved hypothetical protein,yloU/yloV,Unknown function,unknown function,unknown function,unknown function,no,0.8592,NA
CAG74677,aactccgtcaataacagctt,plsX,BSU15890,plsX,+,"plsX, ylpD",phosphate:acyl-ACP acyltransferase,fapR/plsX/fabD/fabG/acpA,Metabolism,lipid metabolism,biosynthesis of lipids,biosynthesis of fatty acids,yes,0.0969,NA
CAG74678,taaattgtgatccctgaccc,fabD,BSU15900,fabD,+,"fabD, ylpE",malonyl CoA:acyl carrier protein transacylase,fapR/plsX/fabD/fabG/acpA,Metabolism,lipid metabolism,biosynthesis of lipids,biosynthesis of fatty acids,yes,0.1123,NA
CAG74679,gcggcctaaacccttcgaac,fabG,BSU15910,fabG,+,"fabG, ylpF",beta-ketoacyl-acyl carrier protein reductase,fapR/plsX/fabD/fabG/acpA,Metabolism,lipid metabolism,biosynthesis of lipids,biosynthesis of fatty acids,yes,0.0556,NA
CAG74680,cgtctgcttcatcaacgcca,acpP,BSU15920,acpA,+,"acpA, acpP",acyl carrier protein,acpP,Metabolism,lipid metabolism,biosynthesis of lipids,biosynthesis of fatty acids,yes,0.2797,NA
CAG74681,agcctttcattatcttcata,rnc,BSU15930,rnc,+,"rnc, rncS",ribonuclease III,rnc,Information processing,RNA synthesis and degradation,RNases,NA,yes,0.1764,NA
CAG74682,ttcgccgagaacccagcgaa,smc,BSU15940,smc,+,"smc, ylqA",chromosome condensation and segregation SMC ATPase,smc/ftsY,Information processing,DNA synthesis and modification,DNA condensation/ segregation,NA,yes,0.1528,NA
CAG74683,aatcgtctgctgcagtcggt,ffh,BSU15980,ffh,+,ffh,signal recognition particle-like SRP GTPase,ylxM/ffh/rpsP/ylqC,Information processing,"protein synthesis, modification and degradation",protein secretion,NA,yes,0.4513,NA
CAG74684,tcgatgaaacggccgtcacg,rpsP,BSU15990,rpsP,+,rpsP,ribosomal protein S16 BS17,ylxM/ffh/rpsP/ylqC,Information processing,"protein synthesis, modification and degradation",translation,ribosomal proteins,yes,0,NA
CAG74685,agcacgccttcaaacatttc,trmD,BSU16030,trmD,+,trmD,tRNAm1G37methyltransferase,yqlD/rimM/trmD,Information processing,"protein synthesis, modification and degradation",translation,tRNA modification and maturation,yes,0.2556,NA
CAG74686,cacgtaaagtgtcaccagga,rplS,BSU16040,rplS,+,rplS,ribosomal protein L19,rplS,Information processing,"protein synthesis, modification and degradation",translation,ribosomal proteins,yes,0.0828,NA
CAG74687,ttgcttttgccatatggccc,rbgA,BSU16050,rbgA,+,"rbgA, ylqF",ribosome biogenesis GTPase A,rbgA,Information processing,"protein synthesis, modification and degradation",translation,ribosome assembly,yes,0.1831,NA
CAG74688,gcttcatttttgggttccaa,rpsB,BSU16490,rpsB,+,rpsB,ribosomal protein S2,rpsB/tsf/pyrH/frr,Information processing,"protein synthesis, modification and degradation",translation,ribosomal proteins,yes,0.0674,NA
CAG74689,tagaaccttctgctgcgata,tsf,BSU16500,tsf,+,tsf,elongation factor Ts,rpsB/tsf/pyrH/frr,Information processing,"protein synthesis, modification and degradation",translation,translation factors,yes,0.4918,NA
CAG74690,aatacgatacgtttgtattt,pyrH,BSU16510,pyrH,+,"pyrH, smbA",uridylate kinase,rpsB/tsf/pyrH/frr,Metabolism,nucleotide metabolism,biosynthesis/ acquisition of nucleotides,biosynthesis/ acquisition of pyrimidine nucleotides,yes,0.1536,NA
CAG74691,ctaataatgatggatttgca,frr,BSU16520,frr,+,frr,ribosome recycling factor,rpsB/tsf/pyrH/frr,Information processing,"protein synthesis, modification and degradation",translation,translation factors,yes,0.2056,NA
CAG74692,ttttgtataacgttctaagt,uppS,BSU16530,uppS,+,"uppS, yluA, ispU",undecaprenyl pyrophosphate synthase,uppS/cdsA,Cellular processes,cell envelope and cell division,cell wall synthesis,biosynthesis of the carrier lipid undecaprenylphosphate,yes,0.2733,NA
CAG74693,gcataaattaatatggtgaa,cdsA,BSU16540,cdsA,+,cdsA,phosphatidate cytidylyltransferase CDP-diglyceride synthase,uppS/cdsA,Metabolism,lipid metabolism,biosynthesis of lipids,biosynthesis of phospholipids,yes,0,NA
CAG74694,acatagataccagctgaaat,dxr,BSU16550,dxr,+,"dxr, yluB",1-deoxy-D-xylulose-5-phosphate reductoisomerase,dxr/rseP/proS,Metabolism,lipid metabolism,biosynthesis of lipids,biosynthesis of isoprenoids,yes,0.0974,NA
CAG74695,cggcatcagctggaacttca,proS,BSU16570,proS,+,proS,prolyl-tRNA synthetase,dxr/rseP/proS,Information processing,"protein synthesis, modification and degradation",translation,aminoacyl-tRNA synthetases,yes,0.7349,NA
CAG74696,atgttcaaagtatgtcatga,polC,BSU16580,polC,+,"polC, mutI, dnaF, dnaP",DNA polymerase III alpha subunit,polC,Information processing,DNA synthesis and modification,DNA replication,NA,yes,0.4751,NA
CAG74697,cacggatggagccagtttca,nusA,BSU16600,nusA,+,nusA,transcription translation coupling factor involved in Rho-dependent transcription termination,ylxS/nusA/rplGA/infB/ylxP/rbfA,Information processing,RNA synthesis and degradation,transcription,transcription elongation/ termination,yes,0.2751,NA
CAG74698,tttggcatctagctttttaa,infB,BSU16630,infB,+,infB,initiation factor IF-2,ylxS/nusA/rplGA/infB/ylxP/rbfA,Information processing,"protein synthesis, modification and degradation",translation,translation factors,yes,0.231,NA
CAG74699,tatgtatcgtcttcacagaa,ribC,BSU16670,ribC,+,ribC,riboflavin biosynthesis protein RibC,ribC,Metabolism,additional metabolic pathways,biosynthesis of cofactors,biosynthesis/ acquisition of riboflavin/ FAD,yes,0,NA
CAG74700,ttttgaactcattgatgagt,rpsO,BSU16680,rpsO,+,rpsO,ribosomal protein S15 BS18,rpsO,Information processing,"protein synthesis, modification and degradation",translation,ribosomal proteins,yes,0.0951,NA
CAG74701,tttaccccttcaaagctctc,asd,BSU16750,asd,+,asd,aspartate-semialdehyde dehydrogenase,asd/dapG/dapA,Cellular processes,cell envelope and cell division,cell wall synthesis,biosynthesis of peptidoglycan,yes,0.299,NA
CAG74702,ttgcatacgggtcccctttt,dapG,BSU16760,dapG,+,"dapG, lssD",aspartokinase I alpha and beta subunits,asd/dapG/dapA,Cellular processes,cell envelope and cell division,cell wall synthesis,biosynthesis of peptidoglycan,yes,0.2872,NA
CAG74703,ttttcttcagttgaaagggt,dapA,BSU16770,dapA,+,dapA,dihydrodipicolinate synthase,asd/dapG/dapA,Cellular processes,cell envelope and cell division,cell wall synthesis,biosynthesis of peptidoglycan,yes,0.3959,NA
CAG74704,gcatgataatcatgaagatt,pgsA,BSU16920,pgsA,+,"pgsA, ymfN",CDP-diacylglycerol-glycerol-3-phosphate 3-phosphatidyltransferase,pgsA/cinA,Metabolism,lipid metabolism,biosynthesis of lipids,biosynthesis of phospholipids,yes,0.2321,NA
CAG74705,agatgagaaccatcataatt,ymdA,BSU16960,rny,+,"rny, ymdA",ribonuclease Y,ymdA,Information processing,RNA synthesis and degradation,RNases,NA,no,0.2533,NA
CAG74706,aaacaaacggagtgtccacg,nrdI,BSU17370,nrdI,+,"nrdI, ymaA",co-factor of ribonucleotide diphosphate reductase,nrdI/nrdE/nrdF,Metabolism,nucleotide metabolism,biosynthesis/ acquisition of nucleotides,biosynthesis/ acquisition of nucleotides/ other,yes,0.3326,NA
CAG74707,ttatttaactggatccattt,nrdE,BSU17380,nrdE,+,nrdE,ribonucleoside-diphosphate reductase major subunit,nrdI/nrdE/nrdF,Metabolism,nucleotide metabolism,biosynthesis/ acquisition of nucleotides,biosynthesis/ acquisition of nucleotides/ other,yes,0.8118,0.0892
CAG74708,acttcattgatctgctcggt,nrdF,BSU17390,nrdF,+,nrdF,ribonucleoside-diphosphate reductase minor subunit,nrdI/nrdE/nrdF,Metabolism,nucleotide metabolism,biosynthesis/ acquisition of nucleotides,biosynthesis/ acquisition of nucleotides/ other,yes,0.6177,NA
CAG74709,gcaatgcaacaacgcccact,yneF,BSU17910,yneF,+,"yneF, yoxG",conserved hypothetical protein,yneF,Unknown function,unknown function,unknown function,unknown function,yes,0.1069,NA
CAG74710,tggaatgctgcctatcaagt,yneS,BSU18070,plsY,-,"plsY, yneS",acylphosphate:glycerol-3-phosphate acyltransferase,plsY/yneR,Metabolism,lipid metabolism,biosynthesis of lipids,biosynthesis of phospholipids,yes,0.0887,NA
CAG74711,aaggccttcgagcacctgta,parE,BSU18090,parE,+,"parE, grlB",subunit B of DNA topoisomerase IV,parE/parC,Information processing,DNA synthesis and modification,DNA condensation/ segregation,NA,yes,0.0872,NA
CAG74712,ggtaaatcatgaaataattc,parC,BSU18100,parC,+,"parC, grlA",subunit A of DNA topoisomerase IV,parE/parC,Information processing,DNA synthesis and modification,DNA condensation/ segregation,NA,yes,0.4654,NA
CAG74713,accaggctgctttaaccatt,odhB,BSU19360,odhB,-,"odhB, citM","2-oxoglutarate dehydrogenase complex dihydrolipoamide transsuccinylase, E2 subunit",odhA/odhB,Metabolism,carbon metabolism,carbon core metabolism,TCA cycle,no,0.501,NA
CAG74714,tttgcaggagtactagtcca,yomL,BSU21320,yomL,-,yomL,conserved hypothetical protein; phage SPbeta,yomL,Prophages and mobile genetic elements,prophages,SP-beta prophage,NA,no,0.8279,NA
CAG74715,atactaactatttgattaat,sunI,BSU21490,sunI,-,"sunI, yolF",protein of immunity to sublancin,sunI,Lifestyles,coping with stress,resistance against toxins/ antibiotics,NA,no,0.2664,NA
CAG74716,gtctttgccgataagcctgt,dfrA,BSU21810,dfrA,-,"dfrA, tmp",dihydrofolate reductase,thyB/dfrA/ypkP,Metabolism,additional metabolic pathways,biosynthesis of cofactors,biosynthesis of folate,yes,0.1049,NA
CAG74717,cgtgagcagaagattgggga,dnaD,BSU22350,dnaD,-,dnaD,DNA-remodelling primosomal protein,asnS/dnaD/nth/ypoC,Information processing,DNA synthesis and modification,DNA replication,NA,yes,0.6054,NA
CAG74718,ggatacatatcatgagcatc,panC,BSU22420,panC,-,panC,pantothenate synthetase,panB/panC/panD,Metabolism,additional metabolic pathways,biosynthesis of cofactors,biosynthesis of coenzyme A,no,0.2008,NA
CAG74719,ccgatatccttttcttctaa,birA,BSU22440,birA,-,birA,biotin acetyl-CoA-carboxylase ligase and biotin regulon repressor,ypjD/dapB/mgsA/ypjG/ypjH/cca/birA,Metabolism,lipid metabolism,biosynthesis of lipids,biosynthesis of fatty acids,yes,0.2751,NA
CAG74720,tcgattaagatgcggagcac,cca,BSU22450,cca,-,"cca, papS, ypjI",tRNA nucleotidyltransferase,ypjD/dapB/mgsA/ypjG/ypjH/cca/birA,Information processing,"protein synthesis, modification and degradation",translation,tRNA modification and maturation,yes,0.2197,NA
CAG74721,tcctgccccattcttccacg,dapB,BSU22490,dapB,-,dapB,dihydrodipicolinate reductase,ypjD/dapB/mgsA/ypjG/ypjH/cca/birA,Cellular processes,cell envelope and cell division,cell wall synthesis,biosynthesis of peptidoglycan,yes,0.0938,NA
CAG74722,ggtgacatagaatggccaat,aroE,BSU22600,aroE,-,aroE,3-phosphoshikimate 1-carboxyvinyltransferase 5-enolpyruvoylshikimate-3-phosphate synthase,hisC/tyrA/aroE,Metabolism,amino acid/ nitrogen metabolism,biosynthesis/ acquisition of amino acids,biosynthesis/ acquisition of aromatic amino acids,no,0.5736,NA
CAG74723,ttgggggccgtgtgattctc,aroF,BSU22710,aroF,-,aroF,chorismate synthase,aroF/aroB/aroH,Metabolism,amino acid/ nitrogen metabolism,biosynthesis/ acquisition of amino acids,biosynthesis/ acquisition of aromatic amino acids,yes,0.5536,NA
CAG74724,ctcgcttaaaagcgggtaat,hepT,BSU22740,hepT,-,"hepT, gerCC, hepB, gerC58",heptaprenyl diphosphate synthase component II,hepS/menH/hepT,Metabolism,additional metabolic pathways,biosynthesis of cofactors,biosynthesis of menaquinone,no,0.3108,NA
CAG74725,ttcttttgagtcctgcataa,ubiE,BSU22750,menH,-,"menH, gerCB, menG",menaquinone methyltransferase,hepS/menH/hepT,Metabolism,additional metabolic pathways,biosynthesis of cofactors,biosynthesis of menaquinone,no,0.1772,NA
CAG74726,cacttcatcatgggtatcaa,hepS,BSU22760,hepS,-,"hepS, gerCA, hepA",heptaprenyl diphosphate synthase component I,hepS/menH/hepT,Metabolism,additional metabolic pathways,biosynthesis of cofactors,biosynthesis of menaquinone,no,0.2072,NA
CAG74727,tcaagaagcccttctctatt,folE,BSU22780,folEA,-,"folEA, mtrA",GTP cyclohydrolase I,folE/mtrB,Metabolism,additional metabolic pathways,biosynthesis of cofactors,biosynthesis of folate,yes,0.1323,NA
CAG74728,aaagcaggtactttgcttgc,hbs,BSU22790,hbs,-,"hbs, dbpA",non-specific DNA-binding protein HBsu; signal recognition particle-like SRP component,hbs,Information processing,DNA synthesis and modification,DNA condensation/ segregation,NA,yes,0.3641,NA
CAG74729,gatgtagacagcttaacatt,gpsA,BSU22830,gpsA,-,gpsA,NADPH-dependent glycerol-3-phosphate dehydrogenase,engA/gpsA,Metabolism,lipid metabolism,biosynthesis of lipids,biosynthesis of phospholipids,no,0.2336,NA
CAG74730,ctcccgacaatggctacgac,engA,BSU22840,engA,-,"engA, yphC",GTPase essential for ribosome 50S subunit assembly,engA/gpsA,Information processing,"protein synthesis, modification and degradation",translation,ribosome assembly,yes,0.1256,NA
CAG74731,ttttttctcagccacaattt,cmk,BSU22890,cmk,-,"cmk, jofC, ypfC",cytidylate kinase,cmk,Metabolism,nucleotide metabolism,biosynthesis/ acquisition of nucleotides,biosynthesis/ acquisition of pyrimidine nucleotides,yes,0.1397,NA
CAG74732,gtatggccccgccgaagatt,resC,BSU23130,resC,-,"resC, ypxC",factor required for cytochrome c synthesis,rluB/resA/resB/resC/resD/resE,Metabolism,electron transport and ATP synthesis,respiration,respiration/ other,no,0.4118,NA
CAG74733,tcatatctcatatcagcgag,resB,BSU23140,resB,-,"resB, ypxB",factor required for cytochrome c synthesis,rluB/resA/resB/resC/resD/resE,Metabolism,electron transport and ATP synthesis,respiration,respiration/ other,no,0.5303,NA
CAG74734,aatgaagcagcaggtccaat,scpA,BSU23220,scpA,-,"scpA, ypuG",chromosome condensation and partitioning factor,scpA/spcB,Information processing,DNA synthesis and modification,DNA condensation/ segregation,NA,yes,0.1656,NA
CAG74735,cgccatcagtctttttgccc,ypuF,BSU23230,ypuF,+,ypuF,conserved hypothetical protein,ypuF,Information processing,DNA synthesis and modification,DNA condensation/ segregation,NA,no,0.7705,NA
CAG74736,tctcgccttggcggggatgc,yqjK,BSU23840,rnz,-,"rnz, yqjK",ribonuclease Z,yqjK,Information processing,RNA synthesis and degradation,RNases,NA,yes,0.3546,NA
CAG74737,tattgataaaagatccaaag,dxs,BSU24270,dxs,-,"dxs, yqiE",1-deoxyxylulose-5-phosphate synthase,dxs/yqxC/ahrC/recN,Metabolism,lipid metabolism,biosynthesis of lipids,biosynthesis of isoprenoids,yes,0.319,NA
CAG74738,aatcaaaataaccgccagtc,folD,BSU24310,folD,-,"folD, yqiA",methylenetetrahydrofolate dehydrogenase; methenyltetrahydrofolate cyclohydrolase,nusB/folD,Information processing,"protein synthesis, modification and degradation",translation,tRNA modification and maturation,no,0.3864,NA
CAG74739,tgaacggatgctgcaacttt,yqhY,BSU24330,yqhY,-,yqhY,conserved hypothetical protein,accB/accC/yqhY,Unknown function,unknown function,unknown function,unknown function,no,0.1241,NA
CAG74740,ctcaattccgagctctctgc,accC,BSU24340,accC,-,"accC, yqhX",acetyl-CoA carboxylase subunit biotin carboxylase subunit,accB/accC/yqhY,Metabolism,lipid metabolism,biosynthesis of lipids,biosynthesis of fatty acids,yes,0.1,NA
CAG74741,gcttgcggctgaactgcctg,accB,BSU24350,accB,-,"accB, fabE, yqhW",acetyl-CoA carboxylase subunit biotin carboxyl carrier subunit,accB/accC/yqhY,Metabolism,lipid metabolism,biosynthesis of lipids,biosynthesis of fatty acids,yes,0.0636,NA
CAG74742,gttaaaggtcccactttgac,ispG,BSU25070,ispG,+,"ispG, yqfY",4-hydroxy-3-methylbut-2-en-1-yl diphosphate synthase 1-hydroxy-2-methyl-2-E-butenyl 4-diphosphate synthase,ispG,Metabolism,lipid metabolism,biosynthesis of lipids,biosynthesis of isoprenoids,yes,0.3438,NA
CAG74743,attttaattacgtccatttt,ispH,BSU25160,ispH,+,"ispH, yqfP",1-hydroxy-2-methyl-2-E-butenyl 4-diphosphate reductase,ispH,Metabolism,lipid metabolism,biosynthesis of lipids,biosynthesis of isoprenoids,yes,0.0826,NA
CAG74744,gtctgattcaatttcaaagc,sigA,BSU25200,sigA,-,"sigA, rpoD, crsA",RNA polymerase major sigma-43 factor sigma-A,yqxD/dnaG/sigA,Information processing,RNA synthesis and degradation,transcription,sigma factors,yes,0.2974,NA
CAG74745,gacagagtccaaagtagttt,dnaG,BSU25210,dnaG,-,"dnaG, dnaE",DNA primase,yqxD/dnaG/sigA,Information processing,DNA synthesis and modification,DNA replication,NA,yes,0.0308,NA
CAG74746,acgaacacagcaagacgtct,glyS,BSU25260,glyS,-,"glyS, yqfK",glycyl-tRNA synthetase beta subunit,glyQ/glyS,Information processing,"protein synthesis, modification and degradation",translation,aminoacyl-tRNA synthetases,yes,0.3482,NA
CAG74747,cataagcacacagccctgac,glyQ,BSU25270,glyQ,-,"glyQ, yqfJ",glycyl-tRNA synthetase alpha subunit,glyQ/glyS,Information processing,"protein synthesis, modification and degradation",translation,aminoacyl-tRNA synthetases,yes,0.2536,NA
CAG74748,tacgtttggtcttccaataa,era,BSU25290,era,-,"era, bex, yqfH",GTP-binding protein,cdd/era/yqzL/recO,Information processing,"protein synthesis, modification and degradation",translation,ribosome assembly,yes,0.2395,NA
CAG74749,agacgccgctcccccataaa,holA,BSU25560,holA,-,"holA, yqeN",DNA polymerase delta subunit,holA,Information processing,DNA synthesis and modification,DNA replication,NA,yes,0.0841,NA
CAG74750,agaggtgaccattatgcgga,nadD,BSU25640,nadD,-,"nadD, yqeJ",nicotinate-nucleotide adenylyltransferase,yqeG/yqeH/aroD/yqeI/nadD/yqeK/yqeL/yqeM,Metabolism,additional metabolic pathways,biosynthesis of cofactors,biosynthesis of NAD(P),yes,0.1992,NA
CAG74751,ccccaaacctgttttgtcct,yqeH,BSU25670,yqeH,-,yqeH,GTPase involved in ribosome 30S assembly,yqeG/yqeH/aroD/yqeI/nadD/yqeK/yqeL/yqeM,Information processing,"protein synthesis, modification and degradation",translation,ribosome assembly,no,0.24,NA
CAG74752,agttcataggcggtgtaggc,yqaE88,BSU26350,sknR,+,"sknR, yqaE",putative transcriptional regulator Xre family; skin element,yqaE,Information processing,regulation of gene expression,transcription factors and their control,transcription factors/ other,yes,0.869,0.1084
CAG74753,ctcacgactacctagttcat,yqaE101,BSU26350,sknR,+,"sknR, yqaE",putative transcriptional regulator Xre family; skin element,yqaE,Information processing,regulation of gene expression,transcription factors and their control,transcription factors/ other,yes,0.8977,0.5436
CAG74754,tgaggcactaatgacgcgct,alaS,BSU27410,alaS,-,alaS,alanyl-tRNA synthetase,alaS,Information processing,"protein synthesis, modification and degradation",translation,aminoacyl-tRNA synthetases,yes,0.1526,NA
CAG74755,acgacgactcttgtatcctc,mnmA,BSU27500,trmU,-,"trmU, yrrA",tRNA 5-methylaminomethyl-2-thiouridylate methyltransferase,cymR/iscS/trmU,Information processing,"protein synthesis, modification and degradation",translation,tRNA modification and maturation,yes,0.2813,NA
CAG74756,cgccgaggtctcgtcttttt,aspS,BSU27550,aspS,-,aspS,aspartyl-tRNA synthetase,hisS/aspS,Information processing,"protein synthesis, modification and degradation",translation,aminoacyl-tRNA synthetases,yes,0.1008,NA
CAG74757,ctcggaatgttatatcccat,hisS,BSU27560,hisS,-,hisS,histidyl-tRNA synthetase,hisS/aspS,Information processing,"protein synthesis, modification and degradation",translation,aminoacyl-tRNA synthetases,yes,0.3638,NA
CAG74758,gtaagggcttcctcacaaat,nifS,BSU27880,nifS,+,nifS,putative desulfurase involved in iron-sulfur clusters for NAD biosynthesis,nifS/nadR,Metabolism,additional metabolic pathways,biosynthesis of cofactors,biosynthesis of NAD(P),no,0.7549,NA
CAG74759,ttgttccgcgttgacggtaa,rpmA,BSU27940,rpmA,-,rpmA,ribosomal protein L27 BL24,rplU/ysxB/rpmA,Information processing,"protein synthesis, modification and degradation",translation,ribosomal proteins,yes,0.8246,0.0785
CAG74760,tcgatcgtcactttagtgta,rplU,BSU27960,rplU,-,rplU,ribosomal protein L21 BL20,rplU/ysxB/rpmA,Information processing,"protein synthesis, modification and degradation",translation,ribosomal proteins,yes,0.5172,NA
CAG74761,aaaaacgcggggcgagcact,mreD,BSU28010,mreD,-,"mreD, rodB",cell-shape determining protein,mreB/mreC/mreD/minC/minD,Cellular processes,cell envelope and cell division,cell shape,NA,yes,0.2903,NA
CAG74762,gatcactttctcaggccagg,mreC,BSU28020,mreC,-,mreC,cell-shape determining protein,mreB/mreC/mreD/minC/minD,Cellular processes,cell envelope and cell division,cell shape,NA,yes,0.7679,0.0535
CAG74763,cagttccaagatctatacca,mreB,BSU28030,mreB,-,"mreB, divIVB",cell-shape determining protein,mreB/mreC/mreD/minC/minD,Cellular processes,cell envelope and cell division,cell shape,NA,yes,0,NA
CAG74764,tgtttcattcgaccaagtcc,folC,BSU28080,folC,-,folC,folyl-polyglutamate synthase,valS/folC,Metabolism,additional metabolic pathways,biosynthesis of cofactors,biosynthesis of folate,yes,0.1146,NA
CAG74765,gctgccggatcatatttcgt,valS,BSU28090,valS,-,valS,valyl-tRNA synthetase,valS/folC,Information processing,"protein synthesis, modification and degradation",translation,aminoacyl-tRNA synthetases,yes,0.1703,NA
CAG74766,cttttgatgtccgcaggcgg,hemB,BSU28130,hemB,-,hemB,delta-aminolevulinic acid dehydratase porphobilinogen synthase,hemA/hemX/hemC/hemD/hemB/hemL,Metabolism,additional metabolic pathways,biosynthesis of cofactors,biosynthesis of heme/ siroheme,conditional,0.2285,NA
CAG74767,ccttggagaggccggatgac,yjjA,BSU12230,yjjA,-,yjjA,conserved hypothetical protein,yjjA,Unknown function,unknown function,unknown function,unknown function,no,0.7833,NA
CAG74768,agagtgtaacatcgacaatc,hemC,BSU28150,hemC,-,hemC,porphobilinogen deaminase hydroxymethylbilane synthase,hemA/hemX/hemC/hemD/hemB/hemL,Metabolism,additional metabolic pathways,biosynthesis of cofactors,biosynthesis of heme/ siroheme,conditional,0.1962,NA
CAG74769,ttcacgtatctcaatagggg,hemA,BSU28170,hemA,-,hemA,glutamyl-tRNA reductase,hemA/hemX/hemC/hemD/hemB/hemL,Metabolism,additional metabolic pathways,biosynthesis of cofactors,biosynthesis of heme/ siroheme,conditional,0.221,NA
CAG74770,cccccttcagggtactgttc,engB,BSU28190,ysxC,-,ysxC,GTPase involved in ribosome 50S subunit assembly,lonA/ysxC,Information processing,"protein synthesis, modification and degradation",translation,ribosome assembly,yes,0.1797,NA
CAG74771,ccggaatcaatgactcctat,racE,BSU28390,racE,-,racE,glutamate racemase,ysmB/racE,Cellular processes,cell envelope and cell division,cell wall synthesis,biosynthesis of peptidoglycan,yes,0.0764,NA
CAG74772,attttacaaggtccgcacca,trxA,BSU28500,trxA,-,"trxA, trx",thioredoxin,trxA,Metabolism,electron transport and ATP synthesis,electron transport/ other,NA,yes,0.2874,NA
CAG74773,aattccttcaacctcaatac,pheT,BSU28630,pheT,-,pheT,phenylalanyl-tRNA synthetase beta subunit,pheS/pheT,Information processing,"protein synthesis, modification and degradation",translation,aminoacyl-tRNA synthetases,yes,0.4569,NA
CAG74774,ccgcgcagcacttctgtaat,pheS,BSU28640,pheS,-,pheS,phenylalanyl-tRNA synthetase alpha subunit,pheS/pheT,Information processing,"protein synthesis, modification and degradation",translation,aminoacyl-tRNA synthetases,yes,0.3418,NA
CAG74775,tatttgtttcactgtctatg,ysgA,BSU28650,ysgA,-,ysgA,putative RNA methylase,ysgA,Information processing,"protein synthesis, modification and degradation",translation,rRNA modification and maturation,no,0.8223,NA
CAG74776,acagttccgccttttactct,rplT,BSU28850,rplT,-,rplT,ribosomal protein L20,infC/rpmI/rplT,Information processing,"protein synthesis, modification and degradation",translation,ribosomal proteins,yes,0.1849,NA
CAG74777,ttaaacggacctcacgtgca,infC,BSU28870,infC,-,infC,initiation factor IF-3,infC/rpmI/rplT,Information processing,"protein synthesis, modification and degradation",translation,translation factors,yes,0,NA
CAG74778,ccctgcagggaacggccgat,dnaI,BSU28980,dnaI,-,"dnaI, ytxA, dnaY",helicase loader,dnaB/dnaI/ytxB,Information processing,DNA synthesis and modification,DNA replication,NA,yes,0.1754,NA
CAG74779,ttaaccacatacgggtctac,dnaB,BSU28990,dnaB,-,dnaB,helicase loading protein; replication initiation membrane attachment protein,dnaB/dnaI/ytxB,Information processing,DNA synthesis and modification,DNA replication,NA,yes,0.19,NA
CAG74780,aacacgccgaggccgaacca,ytbE,BSU29050,ytbE,+,ytbE,aldo/keto reductase,ytbD/ytbE,Unknown function,unknown function,unknown function,unknown function,NA,1.0023,NA
CAG74781,tcaatgatttgccggtaggc,coaE,BSU29060,coaE,-,"coaE, ytaG",dephosphocoenzyme A kinase,ytaF/coaE,Metabolism,additional metabolic pathways,biosynthesis of cofactors,biosynthesis of coenzyme A,yes,0.2992,NA
CAG74782,ggtttttcaaattctaatct,accA,BSU29200,accA,-,accA,acetyl-CoA carboxylase carboxyltransferase alpha subunit,accD/accA,Metabolism,lipid metabolism,biosynthesis of lipids,biosynthesis of fatty acids,yes,0.0538,NA
CAG74783,cttcgcttgatcagacggta,accD,BSU29210,accD,-,"accD, yttI",acetyl-CoA carboxylase carboxyltransferase beta subunit,accD/accA,Metabolism,lipid metabolism,biosynthesis of lipids,biosynthesis of fatty acids,yes,0.2641,NA
CAG74784,tatacccgctatgcacttgc,dnaE,BSU29230,dnaE,-,dnaE,DNA polymerase III alpha subunit,dnaE,Information processing,DNA synthesis and modification,DNA replication,NA,yes,0.1151,NA
CAG74785,cggcgggacagtttccaaga,rpsD,BSU29660,rpsD,+,rpsD,ribosomal protein S4 BS4,rpsD,Information processing,"protein synthesis, modification and degradation",translation,ribosomal proteins,yes,0.0849,NA
CAG74786,ggtcaaagcctgagtacaag,tyrS,BSU29670,tyrS,-,tyrS,tyrosyl-tRNA synthetase,tyrS,Information processing,"protein synthesis, modification and degradation",translation,aminoacyl-tRNA synthetases,yes,0.1826,NA
CAG74787,tcatgaagtatttgggcaag,murC,BSU29790,murC,-,"murC, ytxF",UDP-N-acetyl muramate-alanine ligase,murC,Cellular processes,cell envelope and cell division,cell wall synthesis,biosynthesis of peptidoglycan,yes,0.1172,NA
CAG74788,tttttcattattatcaagag,leuS,BSU30320,leuS,-,leuS,leucyl-tRNA synthetase,leuS,Information processing,"protein synthesis, modification and degradation",translation,aminoacyl-tRNA synthetases,yes,0.2777,NA
CAG74789,tgatcagcggtttgagctaa,asnB,BSU30540,asnB,-,"asnB, asn",asparagine synthetase,metK/asnB/ytnA,Metabolism,amino acid/ nitrogen metabolism,biosynthesis/ acquisition of amino acids,biosynthesis/ acquisition of aspartate/ asparagine,yes,0.5913,NA
CAG74790,tcacaagcaacacgcgcgtt,metK,BSU30550,metK,-,"metK, metE",S-adenosylmethionine synthetase,metK/asnB/ytnA,Metabolism,amino acid/ nitrogen metabolism,biosynthesis/ acquisition of amino acids,biosynthesis/ acquisition of methionine/ S-adenosylmethionine,yes,0.1262,NA
CAG74791,taaaggtgcggatcaacccc,mntA,BSU30770,mntA,-,"mntA, ytgA",manganese ABC transporter manganese binding lipoprotein,mntA/mntB/mntC/mntD,Cellular processes,transporters,ABC transporters,NA,no,0.7849,NA
CAG74792,tgtgacacctgatgtatcaa,menC,BSU30780,menC,-,"menC, ytfD",o-succinylbenzoate synthase,menB/menE/menC,Metabolism,additional metabolic pathways,biosynthesis of cofactors,biosynthesis of menaquinone,yes,0.3633,NA
CAG74793,gcccgctgcatgagccagtt,menE,BSU30790,menE,-,menE,O-succinylbenzoic acid-CoA ligase,menB/menE/menC,Metabolism,additional metabolic pathways,biosynthesis of cofactors,biosynthesis of menaquinone,yes,0.2054,NA
CAG74794,acgcattatgtacctcaggt,menB,BSU30800,menB,-,menB,"1,4-dihydroxy-2-naphthoyl-CoA synthase",menB/menE/menC,Metabolism,additional metabolic pathways,biosynthesis of cofactors,biosynthesis of menaquinone,yes,0.2387,NA
CAG74795,ttccgatgtaatgagtaatc,menD,BSU30820,menD,-,menD,"2-oxoglutarate decarboxylase and 2-succinyl-6-hydroxy-2,4-cyclohexadiene-1-carboxylate synthase",menF/menD/ytxM/menB,Metabolism,additional metabolic pathways,biosynthesis of cofactors,biosynthesis of menaquinone,yes,0.161,NA
CAG74796,ttttgcgtattttgccaaga,mrpA,BSU31600,mrpA,+,"mrpA, yufT, shaA, ntrA",Na+/H+ antiporter,mrpA/mrpB/mrpC/mrpD/mrpE/mrpF/mrpG,Cellular processes,transporters,transporters/ other,NA,yes,0.6115,NA
CAG74797,ccgccgacaaagcctcctcc,mrpB,BSU31610,mrpB,+,"mrpB, yufU",Na+/H+ antiporter complex,mrpA/mrpB/mrpC/mrpD/mrpE/mrpF/mrpG,Cellular processes,transporters,transporters/ other,NA,yes,0.2054,NA
CAG74798,gacaattgcggtcaaaatca,mrpC,BSU31620,mrpC,+,"mrpC, yufV",component of Na+/H+ antiporter,mrpA/mrpB/mrpC/mrpD/mrpE/mrpF/mrpG,Cellular processes,transporters,transporters/ other,NA,yes,0.3315,NA
CAG74799,gccgctaatcacaatcccga,mrpD,BSU31630,mrpD,+,"mrpD, yufD",component of Na+/H+ antiporter,mrpA/mrpB/mrpC/mrpD/mrpE/mrpF/mrpG,Cellular processes,transporters,transporters/ other,NA,yes,0.2741,NA
CAG74800,atagcctgtaatgaatcctg,mrpE,BSU31640,mrpE,+,mrpE,non essential component of Na+/H+ antiporter,mrpA/mrpB/mrpC/mrpD/mrpE/mrpF/mrpG,Cellular processes,transporters,transporters/ other,NA,yes,0.2359,NA
CAG74801,gacacgaatgacatacaaaa,mrpF,BSU31650,mrpF,+,"mrpF, yufC",efflux transporter for Na+ and cholate,mrpA/mrpB/mrpC/mrpD/mrpE/mrpF/mrpG,Cellular processes,transporters,transporters/ other,NA,yes,0.4587,NA
CAG74802,tacagccacaacgaccttag,mrpG,BSU31660,mrpG,+,"mrpG, yufB",non essential component of Na+/H+ antiporter,mrpA/mrpB/mrpC/mrpD/mrpE/mrpF/mrpG,Cellular processes,transporters,transporters/ other,NA,yes,0.6169,NA
CAG74803,atatatacttctcagggtat,yumC,BSU32110,yumC,+,yumC,ferredoxin-NADP+ reductase,yumC,Metabolism,electron transport and ATP synthesis,electron transport/ other,NA,yes,0,NA
CAG74804,gtttcccaggccgtgcattt,dapF,BSU32170,dapF,-,"dapF, yutL",diaminopimelate epimerase,dapF/yutM,Cellular processes,cell envelope and cell division,cell wall synthesis,biosynthesis of peptidoglycan,yes,0,NA
CAG74805,actgagcagaaacacccgca,sufB,BSU32670,sufB,-,"sufB, yurU",FeS cluster formation protein,sufC/sufD/sufS/iscU/sufB,Metabolism,additional metabolic pathways,iron metabolism,biosynthesis of iron-sulfur clusters,yes,0.2205,NA
CAG74806,ttaaaacccctttatttcgc,iscU,BSU32680,sufU,-,"sufU, yurV, iscU",iron-sulfur cluster assembly scaffold protein,sufC/sufD/sufS/iscU/sufB,Metabolism,additional metabolic pathways,iron metabolism,biosynthesis of iron-sulfur clusters,yes,0.2492,NA
CAG74807,aatgacagcacgcggcttct,sufS,BSU32690,sufS,-,"sufS, yurW, csd",cysteine desulfurase,sufC/sufD/sufS/iscU/sufB,Metabolism,additional metabolic pathways,iron metabolism,biosynthesis of iron-sulfur clusters,yes,0.2113,NA
CAG74808,ggcaggttcttggtgctttt,sufD,BSU32700,sufD,-,"sufD, yurX",FeS assembly protein SufD,sufC/sufD/sufS/iscU/sufB,Metabolism,additional metabolic pathways,iron metabolism,biosynthesis of iron-sulfur clusters,yes,0.1715,NA
CAG74809,cgttcgggcccattactgcg,sufC,BSU32710,sufC,-,"sufC, yurY","sulfur mobilizing ABC protein, ATPase",sufC/sufD/sufS/iscU/sufB,Metabolism,additional metabolic pathways,iron metabolism,biosynthesis of iron-sulfur clusters,yes,0.2469,NA
CAG74810,cgcctgaataagtcgccagc,rghRA,BSU33660,rghRA,+,"rghRA, yvaN, rghR",transcriptional repressor,rghRA,Information processing,regulation of gene expression,transcription factors and their control,transcription factors/ other,no,0,NA
CAG74811,ttcaactgttgggttgccgc,eno,BSU33900,eno,-,eno,enolase,gapA/pgk/tpiA/pgm/eno,Metabolism,carbon metabolism,carbon core metabolism,glycolysis,yes,0.1021,NA
CAG74812,tcaagaatgatgagtgcagc,pgm,BSU33910,pgm,-,pgm,phosphoglycerate mutase,gapA/pgk/tpiA/pgm/eno,Metabolism,carbon metabolism,carbon core metabolism,glycolysis,yes,0.1454,NA
CAG74813,caggattgtttaatgctgcg,gapA,BSU33940,gapA,-,"gapA, gap",glyceraldehyde-3-phosphate dehydrogenase,gapA/pgk/tpiA/pgm/eno,Metabolism,carbon metabolism,carbon core metabolism,glycolysis,yes,0.2221,NA
CAG74814,cagcggccgtcatcccagca,trxB,BSU34790,trxB,-,"trxB, yvcH",thioredoxin reductase,trxB,Metabolism,electron transport and ATP synthesis,electron transport/ other,NA,yes,0.3144,NA
CAG74815,agtcatttgtaattcttcgt,prfB,BSU35290,prfB,-,prfB,peptide chain release factor 2,secA/prfB,Information processing,"protein synthesis, modification and degradation",translation,translation factors,yes,0.2336,NA
CAG74816,acggaaacatgcctgttacg,secA,BSU35300,secA,-,"secA, div, div-341, ts-341",translocase binding subunit ATPase,secA/prfB,Information processing,"protein synthesis, modification and degradation",protein secretion,NA,yes,0.2182,NA
CAG74817,atcgcaatcctttttacgat,tagO,BSU35530,tagO,-,"tagO, yvhI",UDP-N-acetylglucosamine:undecaprenyl-P N-acetylglucosaminyl-1-P transferase,tagO,Cellular processes,cell envelope and cell division,cell wall synthesis,biosynthesis of teichoic acid,yes,0,NA
CAG74818,ttgtatgattgtaatacaca,tuaB,BSU35600,tuaB,-,"tuaB, yvhB",putative exporter involved in biosynthesis of teichuronic acid,tuaA/tuaB/tuaC/tuaD/tuaE/tuaF/tuaG/tuaH,Cellular processes,cell envelope and cell division,cell wall synthesis,biosynthesis of teichuronic acid,yes,0.8651,0.6647
CAG74819,ttcaggcctggtcccgaaaa,mnaA,BSU35660,mnaA,-,"mnaA, yvyH",UDP-N-acetylmannosamine 2-epimerase,mnaA,Cellular processes,cell envelope and cell division,cell wall synthesis,biosynthesis of teichoic acid,yes,0.0874,NA
CAG74820,aaaaaaccattatccttagc,tagH,BSU35700,tagH,-,tagH,ATP-binding teichoic acid precursor transporter component,tagD/tagE/tagF/tagG/tagH,Cellular processes,cell envelope and cell division,cell wall synthesis,export of anionic polymers and attachment to peptidoglycan,yes,0.7223,NA
CAG74821,cgaaccagtaggccagcatt,tagG,BSU35710,tagG,-,tagG,teichoic acid precursors permease,tagD/tagE/tagF/tagG/tagH,Cellular processes,cell envelope and cell division,cell wall synthesis,export of anionic polymers and attachment to peptidoglycan,yes,0.7982,0.1163
CAG74822,acttcaaaatcatacagttc,tagF,BSU35720,tagF,-,"tagF, rodC",CDP-glycerol:polyglycerol phosphate glycero-phosphotransferase polyglycerol phosphate polymerase,tagD/tagE/tagF/tagG/tagH,Cellular processes,cell envelope and cell division,cell wall synthesis,biosynthesis of teichoic acid,yes,0.0815,NA
CAG74823,agatgccttctgttcttggg,tagD,BSU35740,tagD,-,tagD,glycerol-3-phosphate cytidylyltransferase,tagD/tagE/tagF/tagG/tagH,Cellular processes,cell envelope and cell division,cell wall synthesis,biosynthesis of teichoic acid,yes,0.0541,NA
CAG74824,gatcaatataatgtttctct,tagA,BSU35750,tagA,+,tagA,"N-acetylmannosamine ManNAc C4 hydroxyl of a membrane-anchored N-acetylglucosaminyl diphospholipid GlcNAc-pp-undecaprenyl, lipid I glycosyltransferase",tagA/tagB,Cellular processes,cell envelope and cell division,cell wall synthesis,biosynthesis of teichoic acid,yes,0,NA
CAG74825,tgcttcgaatgagatcagga,tagB,BSU35760,tagB,+,tagB,"teichoic acid primase, CDP-glycerol:N-acetyl-beta-d-mannosaminyl-1, 4-N-acetyl-d-glucosaminyldiphosphoundecaprenyl glycerophosphotransferase",tagA/tagB,Cellular processes,cell envelope and cell division,cell wall synthesis,biosynthesis of teichoic acid,yes,0.1785,NA
CAG74826,caacggatgtaatattcgtc,mbl,BSU36410,mbl,-,mbl,MreB-like morphogen,mbl,Cellular processes,cell envelope and cell division,cell shape,NA,conditional,0.4818,NA
CAG74827,tgcagcgataacaggtaaaa,murAA,BSU36760,murAA,-,"murAA, murA",UDP-N-acetylglucosamine 1-carboxyvinyltransferase,murAA,Cellular processes,cell envelope and cell division,cell wall synthesis,biosynthesis of peptidoglycan,yes,0.3913,NA
CAG74828,tcaattcgatcttagtctgt,glyA,BSU36900,glyA,-,"glyA, glyC, ipc-34d",serine hydroxymethyltransferase,glyA,Metabolism,amino acid/ nitrogen metabolism,biosynthesis/ acquisition of amino acids,biosynthesis/ acquisition of serine/ glycine/ alanine,no,0.2192,NA
CAG74829,tgattttaaacggtctaaca,prfA,BSU37010,prfA,-,prfA,peptide chain release factor 1,prfA/prmC/ywkF,Information processing,"protein synthesis, modification and degradation",translation,translation factors,yes,0.2095,NA
CAG74830,aagtgaggatacaactcccc,pyrG,BSU37150,pyrG,-,"pyrG, ctrA",CTP synthetase,pyrG,Metabolism,nucleotide metabolism,biosynthesis/ acquisition of nucleotides,biosynthesis/ acquisition of pyrimidine nucleotides,yes,0,NA
CAG74831,aatcaaatccccctggtaaa,rodA,BSU38120,rodA,-,"rodA, ywcF, ipa-42d",factor involved in extension of the lateral walls of the cell,rodA,Cellular processes,cell envelope and cell division,cell shape,NA,yes,0.1236,NA
CAG74832,tgcggttaacgtatgaggac,menA,BSU38490,menA,-,"menA, ywaB, ipa-6d","1,4-dihydroxy-2-naphthoate heptaprenyltransferase",menA,Metabolism,additional metabolic pathways,biosynthesis of cofactors,biosynthesis of menaquinone,yes,0.1482,NA
CAG74833,ttgattcggtatagagggat,yxlC,BSU38690,yxlC,-,yxlC,sigma-Y antisigma factor,sigY/yxlC/yxlD/yxlF/yxlG,Information processing,regulation of gene expression,sigma factors and their control,control of sigma factors,no,0.6133,NA
CAG74834,aaatcaaggtaatcttaaat,walK,BSU40400,walK,-,"walK, yycG","WalK two-component sensory histidine kinase, phosphorylated WalK two-component sensory histidine kinase",walR/walK/walH/yycI/walJ/htrC,Cellular processes,cell envelope and cell division,cell wall/ other,NA,yes,0.1172,NA
CAG74835,aacggcttcgtttccgtcgt,walR,BSU40410,walR,-,"walR, yycF","WalR two-component response regulator, phosphorylated WalR two-component response regulator",walR/walK/walH/yycI/walJ/htrC,Cellular processes,cell envelope and cell division,cell wall/ other,NA,yes,0.3897,NA
CAG74836,gaggaagccggtcattcaga,dnaC,BSU40440,dnaC,-,dnaC,replicative DNA helicase,dnaC,Information processing,DNA synthesis and modification,DNA replication,NA,yes,0.1851,NA
CAG74837,tcgtatctgtatctgggttt,ppaC,BSU40550,ppaC,+,"ppaC, yybQ",inorganic pyrophosphatase,ppaC,Metabolism,additional metabolic pathways,phosphate metabolism,NA,yes,0.0828,NA
CAG74838,tcgctgcagtcaatttacgt,rpsR,BSU40890,rpsR,-,rpsR,ribosomal protein S18,rpsF/ssbA/rpsR,Information processing,"protein synthesis, modification and degradation",translation,ribosomal proteins,yes,0.2585,NA
CAG74839,gtcttccgactaatacaact,ssbA,BSU40900,ssbA,-,"ssbA, ssb",single-strand DNA-binding protein,rpsF/ssbA/rpsR,Information processing,DNA synthesis and modification,DNA replication,NA,yes,0.3421,NA
CAG74840,gcgtatataagacaaactgg,rnpA,BSU41050,rnpA,-,rnpA,protein component of ribonuclease P RNase P substrate specificity,rnpA,Information processing,RNA synthesis and degradation,RNases,NA,yes,0.1013,NA